CCSP,CDCS,ADCS,CDWS,GL,NDCS,NRBCON,SL,ZSCS,EURUSD,USDCLP,USDCNY,USDPEN,USInflation,ChinaInflation
58960.0,7864.0,2126.4,423475.0,1737.46,18794.8,2.63,34.09,1941.7,1.37,494.29,6.35,2.71,3.42,4.46
57595.0,7654.7,2116.47,411505.0,1779.54,18253.0,2.66,34.51,1932.15,1.37,499.35,6.35,2.7,3.4,4.2
57775.0,7625.9,2108.35,401500.0,1753.61,17876.4,2.55,33.28,1931.6,1.35,508.3,6.35,2.7,3.4,4.2
56015.0,7248.95,2017.1,396255.0,1689.11,17287.8,2.51,31.79,1910.55,1.34,521.86,6.36,2.7,3.4,4.2
57365.0,7684.15,2073.6,388955.0,1733.17,17230.05,2.56,32.4,2018.05,1.34,518.34,6.35,2.7,3.24,4.16
58135.0,7798.95,2086.2,388505.0,1722.21,18360.5,2.6,32.22,2014.1,1.34,510.21,6.34,2.7,3.0,4.1
55970.0,7373.15,1986.45,382815.0,1608.02,18121.4,2.53,29.92,1880.95,1.3,517.12,6.34,2.7,3.0,4.1
54960.0,7448.15,1981.45,372070.0,1607.29,18657.2,2.6,29.15,1840.8,1.3,519.82,6.33,2.69,3.0,4.1
55205.0,7505.75,1987.8,371370.0,1572.42,18228.2,2.67,28.06,1814.1,1.3,520.46,6.31,2.7,3.0,4.1
55935.0,7617.33,2036.2,369697.5,1604.16,18793.4,2.74,28.93,1843.45,1.29,512.32,6.3,2.69,2.9,4.5
56000.0,7794.9,2121.15,362320.0,1634.32,19439.8,2.75,29.76,1926.15,1.28,505.98,6.31,2.69,2.9,4.5
58151.67,8210.75,2173.25,352090.0,1655.3,19767.0,2.79,30.66,1989.05,1.28,495.2,6.32,2.69,2.9,4.5
59508.33,8431.3,2220.6,340215.0,1701.86,20977.0,2.84,32.93,2125.95,1.31,488.33,6.31,2.69,2.9,4.5
59320.0,8398.45,2208.6,329605.0,1738.9,20982.2,2.89,33.64,2105.1,1.31,484.84,6.3,2.69,2.9,3.72
59950.0,8536.45,2213.8,317170.0,1729.24,21348.0,2.97,33.8,2106.75,1.32,478.85,6.29,2.69,2.9,3.2
59370.0,8320.65,2147.9,311570.0,1724.05,19971.0,3.01,33.47,1989.9,1.31,482.85,6.29,2.68,2.9,3.2
59340.0,8410.95,2220.7,305080.0,1764.12,19968.6,3.09,34.54,2022.75,1.33,481.14,6.3,2.68,2.9,3.2
59780.0,8570.75,2291.15,295400.0,1735.49,19543.4,3.21,35.42,2093.05,1.33,479.67,6.3,2.68,2.82,3.36
59430.0,8382.75,2192.15,281270.0,1695.53,18872.25,3.28,33.68,2026.6,1.32,487.18,6.31,2.67,2.7,3.6
59895.0,8519.65,2202.65,269825.0,1666.64,19230.9,3.34,32.8,2076.32,1.31,483.8,6.32,2.67,2.7,3.6
59540.0,8456.1,2174.2,258470.0,1650.27,18626.8,3.36,32.18,2015.6,1.32,485.42,6.3,2.67,2.7,3.6
59455.0,8472.5,2121.7,255925.0,1672.27,17620.2,3.39,32.37,2003.7,1.33,486.8,6.29,2.67,2.7,3.6
59131.0,8465.6,2071.2,261726.67,1642.13,18182.8,3.36,32.07,1999.87,1.32,483.16,6.29,2.67,2.3,3.4
58530.0,8122.6,2045.12,266643.33,1657.72,18238.9,3.31,31.7,2003.73,1.31,484.91,6.29,2.66,2.3,3.4
57130.0,8137.1,2031.4,261555.0,1646.14,17602.6,3.2,31.59,1991.25,1.31,486.71,6.29,2.65,2.3,3.4
57772.0,8340.8,2040.7,255860.0,1647.83,17692.6,3.18,30.91,2002.85,1.32,485.98,6.29,2.65,2.3,3.4
58348.0,8401.7,2059.2,237575.0,1651.81,17474.8,3.07,30.59,2016.35,1.32,483.37,6.28,2.64,1.82,3.08
57818.0,8178.1,2011.12,224007.5,1601.17,17223.6,3.0,29.3,1961.52,1.3,485.79,6.29,2.65,1.7,3.0
56221.0,7757.9,2000.45,217725.0,1561.44,16919.0,2.92,27.94,1909.25,1.27,499.74,6.32,2.67,1.7,3.0
56257.0,7698.3,1983.4,224325.0,1570.51,16930.2,2.9,28.23,1890.3,1.26,507.81,6.32,2.68,1.7,3.0
56019.0,7536.5,1964.0,227500.0,1575.09,16363.6,2.81,28.05,1890.15,1.24,515.5,6.33,2.7,1.7,2.84
54677.0,7391.4,1943.3,230450.0,1607.64,16294.6,2.68,28.64,1878.8,1.25,509.1,6.32,2.69,1.7,2.2
55026.0,7413.95,1920.25,242540.0,1614.69,16929.9,2.67,28.71,1892.35,1.26,500.82,6.37,2.68,1.7,2.2
55664.0,7458.75,1859.3,251255.0,1597.63,16734.3,2.6,27.78,1852.55,1.26,500.02,6.36,2.65,1.7,2.2
54952.0,7444.7,1829.95,254915.0,1576.45,16340.8,2.63,27.06,1803.1,1.25,506.14,6.36,2.66,1.7,2.2
56115.0,7682.85,1903.05,254435.0,1603.17,16735.8,2.71,27.71,1871.3,1.25,497.8,6.36,2.65,1.4,1.8
55613.0,7576.15,1872.85,252405.0,1578.11,16044.4,2.78,27.14,1849.05,1.22,492.5,6.37,2.63,1.4,1.8
56125.0,7640.05,1888.55,252775.0,1581.88,16033.6,2.89,27.26,1863.85,1.23,487.34,6.37,2.62,1.4,1.8
54968.0,7454.6,1847.5,251125.0,1600.06,15750.4,2.84,27.29,1808.75,1.22,488.84,6.39,2.63,1.4,1.8
55100.0,7453.35,1834.9,247610.0,1604.91,15647.8,2.87,27.66,1825.55,1.23,482.56,6.37,2.62,1.58,1.92
55369.0,7527.55,1859.55,244290.0,1614.14,15580.4,2.98,28.03,1844.95,1.24,476.48,6.36,2.62,1.7,2.0
55228.0,7427.35,1810.55,236570.0,1607.92,15396.0,3.04,27.92,1782.4,1.23,482.48,6.36,2.61,1.7,2.0
55881.0,7590.95,1848.99,235105.0,1649.13,16024.0,3.08,29.83,1814.8,1.25,482.22,6.35,2.61,1.7,2.0
55945.0,7586.02,1878.32,232635.0,1666.09,16111.65,3.09,30.87,1832.1,1.25,480.18,6.35,2.61,1.7,2.0
56481.0,7737.75,1954.5,217660.0,1703.22,16108.4,2.97,32.6,1880.7,1.26,479.47,6.34,2.61,2.0,1.9
58765.0,8126.47,2101.18,215705.0,1744.54,16907.0,3.01,33.84,2011.55,1.29,473.2,6.33,2.61,2.0,1.9
59965.0,8294.6,2132.2,216605.0,1768.32,17934.55,2.9,34.53,2080.25,1.3,469.8,6.31,2.6,2.0,1.9
59160.0,8192.15,2068.6,220050.0,1765.18,18201.9,3.01,34.13,2066.9,1.29,471.88,6.3,2.6,2.0,1.9
59152.5,8300.4,2084.55,223435.0,1779.67,18479.0,2.9,34.64,2052.6,1.29,472.56,6.31,2.6,2.2,1.7
59121.0,8171.95,2003.75,219557.5,1764.47,17633.8,2.93,33.83,1945.81,1.29,473.84,6.29,2.59,2.2,1.7
58743.0,8132.3,1952.5,218700.0,1738.87,17026.1,2.78,32.72,1868.55,1.3,471.81,6.25,2.58,2.2,1.7
49107.0,7843.6,1918.3,220955.0,1711.35,16257.2,2.64,31.97,1805.95,1.3,478.94,6.25,2.58,2.2,1.7
52574.0,7764.9,1888.45,236030.0,1712.32,16044.1,2.69,32.0,1814.4,1.29,480.86,6.24,2.59,2.12,1.76
56302.0,7651.55,1893.35,244050.0,1694.54,15935.8,2.61,31.34,1845.4,1.28,480.52,6.24,2.6,1.8,2.0
55670.0,7627.4,1934.1,249030.0,1728.16,16036.6,2.66,32.47,1900.5,1.27,480.96,6.24,2.61,1.8,2.0
56012.0,7693.05,1937.1,254055.0,1723.16,16271.3,2.73,32.89,1908.1,1.28,481.2,6.23,2.6,1.8,2.0
56016.0,7751.95,1974.85,250055.0,1737.76,16658.3,2.73,33.84,1949.45,1.3,479.72,6.23,2.59,1.8,2.0
56777.0,7983.25,2095.2,249345.0,1709.38,17384.3,2.72,33.4,2014.2,1.31,479.63,6.23,2.58,1.74,2.3
57325.0,8055.85,2110.25,259750.0,1707.51,17477.0,2.61,33.14,2037.55,1.3,475.9,6.24,2.57,1.7,2.5
57367.0,8005.45,2109.75,289340.0,1685.7,17678.1,2.67,31.93,2056.03,1.32,474.24,6.24,2.56,1.7,2.5
56398.0,7803.7,2039.95,315405.0,1655.99,17294.0,2.77,29.93,2047.6,1.32,477.48,6.23,2.56,1.7,2.5
56961.75,7979.05,2065.82,319375.0,1671.14,17263.2,2.79,30.35,2066.5,1.32,477.7,6.23,2.55,1.66,2.3
57497.75,8064.05,2042.15,323210.0,1656.54,17326.9,2.78,30.23,2005.2,1.31,471.52,6.23,2.55,1.6,2.0
57692.0,7989.7,2036.07,333860.0,1672.75,17366.3,2.74,31.02,1980.2,1.33,472.8,6.22,2.54,1.6,2.0
57721.0,8052.9,2020.2,344840.0,1687.66,17433.4,2.81,31.98,2024.6,1.33,471.51,6.22,2.55,1.6,2.0
58059.0,8067.45,2030.75,354385.0,1664.22,17664.9,2.94,31.4,2081.45,1.35,470.93,6.22,2.56,1.6,2.0
58852.0,8218.0,2069.48,378700.0,1670.83,18477.6,3.03,31.72,2147.1,1.36,471.84,6.23,2.58,1.92,2.96
58867.0,8195.7,2076.4,397455.0,1655.89,18210.9,3.03,31.11,2168.5,1.34,471.62,6.23,2.58,2.0,3.2
58532.5,8080.75,2089.85,405860.0,1604.48,17742.7,3.11,29.59,2135.15,1.34,471.44,6.24,2.57,2.0,3.2
57105.0,7818.1,1997.15,431610.0,1592.09,16675.0,3.0,28.93,2079.8,1.31,472.97,6.23,2.58,2.0,3.2
56558.0,7717.55,1936.75,460650.0,1575.63,16509.8,3.12,28.56,1995.35,1.3,473.69,6.22,2.59,1.6,2.32
56571.0,7725.1,1923.6,499170.0,1582.57,16703.6,3.15,28.98,1956.2,1.3,471.67,6.22,2.6,1.5,2.1
56307.0,7658.7,1914.83,531905.0,1597.27,16774.9,3.12,28.83,1918.25,1.3,471.46,6.21,2.59,1.5,2.1
55942.0,7586.65,1895.85,560485.0,1605.96,16854.3,3.08,28.82,1902.6,1.29,472.16,6.21,2.59,1.5,2.1
55208.0,7493.45,1867.65,569940.0,1593.83,16515.1,3.09,28.12,1848.5,1.28,471.7,6.21,2.59,1.34,2.22
54834.0,7433.55,1856.45,579610.0,1570.04,16008.8,2.9,27.27,1855.05,1.3,468.82,6.2,2.58,1.1,2.4
54686.0,7386.73,1854.75,598970.0,1463.66,15844.0,2.81,25.38,1857.22,1.31,469.72,6.19,2.58,1.1,2.4
51186.0,6963.6,1868.75,613980.0,1402.05,15243.8,2.75,23.19,1846.8,1.3,476.49,6.18,2.58,1.1,2.4
51542.0,7057.9,1866.15,618940.0,1461.62,15285.1,2.81,24.04,1870.9,1.31,471.88,6.17,2.63,1.1,2.4
51876.0,7060.7,1820.43,610850.0,1462.56,14955.83,2.8,23.86,1825.43,1.31,470.85,6.16,2.63,1.4,2.1
53728.0,7337.05,1849.8,608245.0,1446.5,15216.4,2.85,23.68,1834.5,1.3,473.57,6.14,2.6,1.4,2.1
53449.0,7280.1,1821.75,626885.0,1381.23,14890.7,2.88,22.55,1808.85,1.29,481.32,6.14,2.63,1.4,2.1
53658.0,7311.15,1820.13,622477.5,1384.12,14857.2,2.84,22.4,1831.25,1.29,488.3,6.13,2.67,1.4,2.1
53626.0,7306.4,1880.0,612920.0,1400.45,14911.2,2.8,22.5,1894.9,1.3,495.75,6.13,2.71,1.56,2.34
53596.0,7216.15,1901.05,610160.0,1392.34,14879.8,2.84,22.03,1873.4,1.32,503.14,6.13,2.74,1.8,2.7
52464.0,7035.85,1808.72,619510.0,1381.65,14146.2,2.86,21.79,1819.25,1.34,495.15,6.13,2.73,1.8,2.7
50177.0,6770.0,1749.53,659875.0,1296.67,13836.5,2.78,20.04,1804.95,1.32,508.94,6.13,2.78,1.8,2.7
46483.0,6812.15,1750.0,665155.0,1229.74,13764.6,2.75,19.08,1832.9,1.3,505.05,6.14,2.78,1.88,2.7
50206.0,6855.7,1751.5,658125.0,1241.69,13474.5,2.88,19.27,1830.3,1.29,505.56,6.13,2.78,2.0,2.7
50460.0,6924.8,1779.4,642325.0,1281.2,13595.15,3.08,19.86,1861.6,1.31,504.55,6.14,2.77,2.0,2.7
50864.0,6940.85,1780.85,637370.0,1307.17,13997.0,3.09,19.79,1832.1,1.31,500.66,6.14,2.77,2.0,2.7
50689.0,6895.0,1762.3,620825.0,1326.62,13851.3,3.03,19.96,1823.75,1.33,507.93,6.13,2.78,2.0,2.7
50730.0,6959.4,1756.77,608845.0,1305.83,13801.7,2.99,19.63,1819.8,1.33,513.06,6.13,2.79,1.6,2.62
51896.0,7176.2,1808.3,595270.0,1313.2,14418.9,2.9,20.58,1876.45,1.33,509.83,6.12,2.79,1.5,2.6
53074.0,7302.45,1867.0,581340.0,1361.58,14765.4,2.96,22.8,1940.4,1.33,511.94,6.12,2.8,1.5,2.6
53344.0,7286.35,1842.28,568657.5,1391.51,14383.8,2.98,23.75,1941.17,1.34,513.26,6.12,2.81,1.5,2.6
52890.0,7181.1,1784.9,586620.0,1404.87,13825.2,2.99,23.99,1885.45,1.32,510.34,6.12,2.81,1.38,2.8
52524.0,7121.15,1755.36,598110.0,1379.62,13735.4,2.82,23.37,1840.45,1.32,507.57,6.12,2.8,1.2,3.1
52129.0,7055.68,1746.45,578365.0,1326.86,13765.75,2.72,22.09,1830.5,1.33,503.43,6.12,2.77,1.2,3.1
52294.0,7210.7,1759.3,562140.0,1339.31,13943.0,2.68,22.13,1845.2,1.35,499.95,6.12,2.74,1.2,3.1
52505.67,7229.45,1780.97,541130.0,1321.11,13797.5,2.66,21.54,1860.65,1.35,503.1,6.12,2.77,1.16,3.08
52773.33,7212.95,1799.78,525655.0,1316.82,13761.0,2.63,21.84,1839.45,1.36,499.76,6.12,2.77,1.0,3.0
52320.0,7163.9,1821.55,509870.0,1283.39,13800.0,2.66,21.43,1872.55,1.35,498.28,6.11,2.78,1.0,3.0
52409.0,7240.95,1810.3,497555.0,1314.39,14255.2,2.66,21.98,1902.95,1.37,497.48,6.1,2.76,1.0,3.0
51946.0,7175.5,1824.65,482040.0,1345.37,14506.2,2.59,22.53,1915.6,1.38,505.85,6.09,2.76,1.0,3.0
51945.0,7211.5,1801.8,474645.0,1321.06,14469.0,2.57,21.9,1906.85,1.36,511.19,6.1,2.77,1.12,2.88
51668.0,7143.05,1768.1,464780.0,1292.66,13814.8,2.56,21.39,1866.0,1.34,518.32,6.09,2.79,1.2,2.8
50773.0,6977.85,1744.9,452290.0,1281.69,13603.25,2.65,20.58,1859.1,1.35,519.66,6.09,2.8,1.2,2.8
50935.0,7054.1,1733.4,439855.0,1244.48,13434.9,2.7,19.94,1867.0,1.35,521.29,6.09,2.8,1.2,2.8
50802.0,7000.25,1703.8,424815.0,1234.71,13368.5,2.69,19.49,1852.9,1.36,530.95,6.09,2.8,1.32,2.68
50979.0,7115.25,1736.5,408450.0,1239.79,13750.6,2.7,19.75,1901.2,1.37,529.61,6.08,2.8,1.5,2.5
51347.0,7271.5,1755.62,392935.0,1237.37,13990.3,2.64,19.86,1977.4,1.38,528.9,6.07,2.77,1.5,2.5
51282.0,7256.8,1729.87,380500.0,1202.3,14182.9,2.76,19.44,2027.3,1.37,528.83,6.07,2.77,1.5,2.5
52054.0,7370.15,1754.8,369550.0,1205.59,14053.4,2.81,19.67,2094.1,1.37,526.27,6.06,2.79,1.5,2.5
52227.0,7367.32,1743.08,360007.5,1227.03,13712.8,2.68,19.9,2055.6,1.37,529.36,6.05,2.8,1.6,2.5
52050.0,7318.25,1721.4,344470.0,1239.8,13801.2,2.64,19.96,2038.8,1.37,530.58,6.05,2.8,1.6,2.5
51919.0,7370.4,1758.86,334815.0,1246.14,14589.8,2.62,20.14,2080.3,1.36,537.06,6.05,2.81,1.6,2.5
51184.0,7227.4,1719.35,326145.0,1256.61,14396.6,2.65,19.78,2020.8,1.37,547.29,6.05,2.81,1.6,2.5
50831.0,7108.7,1664.76,315335.0,1253.22,13847.3,2.63,19.36,1964.2,1.36,553.83,6.06,2.82,1.4,2.3
50870.5,7138.95,1665.67,307745.0,1269.62,14006.4,2.71,20.01,2003.2,1.36,554.45,6.06,2.82,1.1,2.0
50750.0,7192.1,1701.25,298205.0,1312.38,14288.9,2.8,21.13,2044.5,1.37,547.76,6.06,2.81,1.1,2.0
50194.0,7180.2,1725.1,285440.0,1326.94,14336.5,2.83,21.78,2054.3,1.37,554.47,6.09,2.8,1.1,2.0
49044.0,7074.2,1712.68,275180.0,1334.15,14620.4,2.87,21.23,2105.35,1.37,560.23,6.14,2.8,1.26,2.16
47920.0,6817.45,1729.55,267570.0,1342.53,15376.7,2.96,21.01,2081.5,1.39,566.23,6.13,2.8,1.5,2.4
44693.0,6492.35,1696.97,257040.0,1367.58,15812.8,2.93,21.15,1975.35,1.39,571.46,6.16,2.8,1.5,2.4
45464.0,6516.65,1688.15,266755.0,1321.69,16082.7,2.89,20.18,1954.85,1.38,563.63,6.21,2.81,1.5,2.4
46696.0,6616.6,1719.22,266785.0,1289.89,15811.0,2.91,19.72,1963.2,1.38,551.5,6.21,2.81,1.6,2.28
47274.0,6655.7,1787.75,257285.0,1296.3,16302.7,2.92,19.89,1990.95,1.37,552.38,6.21,2.8,2.0,1.8
47721.0,6631.35,1838.15,247370.0,1315.36,17274.9,3.02,19.85,2026.15,1.39,549.24,6.21,2.78,2.0,1.8
47900.0,6664.2,1841.5,242150.0,1292.55,18025.8,3.07,19.53,2058.25,1.38,557.95,6.23,2.77,2.0,1.8
49401.0,6747.5,1809.95,238390.0,1294.39,18265.8,3.07,19.53,2056.8,1.38,560.72,6.25,2.8,2.0,1.8
49722.0,6720.15,1744.07,229432.5,1298.14,18342.75,2.94,19.33,2039.28,1.39,565.1,6.25,2.8,2.08,2.36
49670.0,6812.2,1728.65,209320.0,1291.24,19944.5,2.91,19.32,2040.8,1.38,554.48,6.23,2.78,2.1,2.5
50453.0,6956.5,1736.05,187915.0,1296.13,19456.5,2.96,19.44,2074.35,1.37,551.06,6.23,2.79,2.1,2.5
50171.0,6980.35,1766.12,177010.0,1286.11,19577.8,3.01,19.34,2075.85,1.36,553.35,6.24,2.79,2.1,2.5
50028.5,6975.2,1811.65,170665.0,1250.42,19137.2,2.98,18.85,2075.85,1.36,549.86,6.24,2.77,2.1,2.42
49562.0,6746.3,1849.05,167650.0,1252.19,18854.6,2.96,19.0,2104.35,1.36,550.98,6.25,2.78,2.1,2.3
48934.0,6701.2,1810.3,163925.0,1270.54,18340.0,3.06,19.54,2089.55,1.35,555.66,6.22,2.8,2.1,2.3
49823.0,6825.2,1849.2,159280.0,1309.24,18370.8,3.12,20.64,2155.2,1.36,554.44,6.23,2.8,2.1,2.3
50808.0,6996.2,1857.8,155470.0,1320.65,18821.2,3.08,20.99,2188.0,1.36,550.57,6.22,2.8,2.08,2.3
51904.0,7149.6,1900.35,157545.0,1320.79,19524.5,3.0,21.08,2248.25,1.36,550.25,6.21,2.78,2.0,2.3
51400.0,7149.2,1918.85,158885.0,1320.2,19290.3,2.93,21.09,2290.55,1.36,553.7,6.2,2.78,2.0,2.3
50364.0,7038.0,1984.25,158115.0,1309.34,18943.7,2.88,20.9,2313.7,1.35,564.02,6.2,2.79,2.0,2.3
50537.0,7118.3,1990.0,152725.0,1301.19,18907.4,2.86,20.6,2386.75,1.34,563.71,6.19,2.78,2.0,2.3
50640.0,7115.85,1992.9,146525.0,1289.51,18486.0,2.76,20.23,2377.0,1.34,572.52,6.17,2.8,1.82,2.12
50341.0,7000.35,2020.7,142475.0,1308.77,18638.7,2.75,19.93,2316.25,1.34,575.39,6.16,2.8,1.7,2.0
49626.0,6894.0,2006.22,142125.0,1304.23,18505.1,2.7,19.63,2273.9,1.34,577.56,6.15,2.8,1.7,2.0
50847.0,7066.45,2061.78,146090.0,1280.86,18782.2,2.74,19.39,2353.2,1.32,583.24,6.15,2.83,1.7,2.0
50580.0,6996.7,2085.2,147960.0,1282.32,18635.7,2.7,19.39,2358.1,1.31,589.9,6.14,2.84,1.7,1.84
50469.0,6944.75,2061.9,154705.0,1261.54,19299.0,2.58,19.08,2361.3,1.3,588.94,6.14,2.85,1.7,1.6
49388.0,6886.6,1991.15,156115.0,1236.79,18253.8,2.53,18.71,2266.45,1.29,591.8,6.14,2.85,1.7,1.6
49413.0,6857.5,1944.75,154070.0,1220.15,17502.7,2.59,18.07,2251.15,1.28,597.97,6.14,2.86,1.7,1.6
48586.0,6758.7,1926.15,154570.0,1216.31,16870.8,2.64,17.43,2270.45,1.27,598.66,6.14,2.88,1.7,1.6
48817.5,6704.25,1891.45,150860.0,1206.68,16391.4,2.4,17.11,2275.6,1.26,596.68,6.14,2.9,1.7,1.6
48575.0,6762.1,1913.17,150425.0,1227.36,16401.1,2.26,17.38,2323.6,1.27,591.11,6.13,2.9,1.7,1.6
48049.0,6660.75,1935.55,157100.0,1242.7,15460.2,2.2,17.39,2230.95,1.28,586.31,6.12,2.9,1.7,1.6
48016.0,6773.5,1984.7,159035.0,1231.51,15076.0,2.18,17.16,2257.9,1.27,583.37,6.12,2.9,1.7,1.6
48342.0,6789.95,2055.3,162420.0,1183.33,15588.8,2.16,16.37,2297.05,1.25,579.44,6.11,2.91,1.54,1.52
48096.0,6744.8,2059.5,160890.0,1155.02,15323.0,2.11,15.56,2236.1,1.25,589.03,6.12,2.92,1.3,1.4
48026.0,6746.0,2041.82,159940.0,1179.15,15552.3,2.04,15.98,2251.3,1.25,594.99,6.12,2.93,1.3,1.4
48073.0,6730.85,2055.7,161640.0,1194.9,16408.3,2.04,16.39,2266.7,1.25,597.51,6.13,2.92,1.3,1.4
46926.0,6529.3,2043.0,163840.0,1192.58,16266.2,1.92,16.21,2235.1,1.25,606.67,6.14,2.92,1.1,1.44
46741.0,6495.65,1968.95,164745.0,1208.05,16679.3,1.76,16.5,2217.05,1.23,611.11,6.16,2.95,0.8,1.5
46905.0,6478.45,1910.18,167825.0,1213.09,16275.3,1.6,16.58,2161.45,1.24,617.76,6.19,2.96,0.8,1.5
46462.0,6403.7,1870.5,170805.0,1187.16,15524.0,1.55,15.81,2146.45,1.22,611.69,6.22,2.95,0.8,1.5
46279.0,6372.4,1833.0,171930.0,1185.41,15090.2,1.49,15.92,2148.4,1.22,607.73,6.21,2.98,0.8,1.5
46215.0,6293.6,1797.57,177655.0,1195.91,15012.4,1.41,15.95,2175.73,1.2,611.77,6.21,2.98,0.08,0.94
45166.0,6113.05,1786.65,184820.0,1221.27,15163.7,1.31,16.58,2122.85,1.18,615.08,6.21,2.98,-0.1,0.8
41642.0,5699.8,1809.07,203990.0,1268.48,14502.9,1.33,17.44,2067.8,1.16,626.93,6.21,3.0,-0.1,0.8
41228.0,5625.6,1856.3,231010.0,1292.5,14695.8,1.34,18.13,2115.85,1.14,624.55,6.23,3.02,-0.1,0.8
40276.0,5547.5,1846.2,248105.0,1271.61,15095.5,1.45,17.32,2116.6,1.13,627.42,6.25,3.05,-0.06,1.04
41496.0,5687.7,1852.8,279365.0,1247.88,15047.05,1.54,17.04,2134.2,1.13,625.22,6.25,3.06,0.0,1.4
41430.0,5708.05,1810.88,293415.0,1221.92,14529.6,1.59,16.95,2122.05,1.14,622.39,6.24,3.07,0.0,1.4
41962.5,5743.65,1787.3,298020.0,1204.35,14075.9,1.62,16.32,2051.35,1.14,619.06,6.25,3.08,0.0,1.4
42436.0,5882.35,1788.4,296210.0,1207.43,14018.5,1.81,16.46,2038.45,1.12,616.94,6.26,3.09,-0.04,1.4
42407.0,5833.3,1770.7,320810.0,1178.71,14153.6,1.88,15.94,2006.2,1.09,625.01,6.26,3.09,-0.1,1.4
42423.0,5834.55,1760.3,334905.0,1153.72,13838.6,1.77,15.58,1993.1,1.06,638.22,6.26,3.09,-0.1,1.4
42663.0,5994.35,1779.75,341640.0,1180.45,13915.9,1.79,16.52,2039.05,1.08,630.25,6.21,3.08,-0.1,1.4
43626.0,6118.9,1780.2,337260.0,1193.25,13134.5,1.82,16.85,2078.6,1.09,623.15,6.21,3.07,-0.1,1.4
43541.0,6048.7,1780.3,333215.0,1206.07,12721.0,1.82,16.85,2125.3,1.09,613.48,6.2,3.09,-0.2,1.5
43619.0,6011.0,1774.35,332495.0,1199.04,12498.3,1.79,16.31,2181.75,1.07,615.08,6.21,3.1,-0.2,1.5
43680.0,6005.2,1832.25,338130.0,1200.47,12664.1,1.93,16.17,2198.35,1.07,613.14,6.2,3.11,-0.2,1.5
43842.0,6015.6,1837.45,337670.0,1194.62,13073.7,1.99,16.07,2261.15,1.09,612.26,6.2,3.12,-0.2,1.5
45086.0,6373.37,1923.45,339495.0,1189.47,13851.15,2.04,16.34,2376.85,1.12,610.88,6.2,3.12,-0.08,1.32
45938.0,6399.75,1864.45,339560.0,1187.98,14169.7,2.01,16.42,2361.35,1.12,607.35,6.21,3.14,0.0,1.2
46067.0,6362.0,1806.4,337885.0,1218.4,13690.8,2.04,17.36,2290.1,1.13,599.5,6.2,3.14,0.0,1.2
45117.0,6170.45,1728.65,331007.5,1203.02,12792.05,2.04,17.03,2175.05,1.1,607.72,6.2,3.14,0.0,1.2
44222.0,6043.95,1712.6,322635.0,1189.4,12821.8,2.02,16.72,2178.05,1.1,618.68,6.2,3.14,0.04,1.28
43548.0,5945.75,1710.85,314995.0,1176.5,13179.9,2.03,16.12,2137.55,1.12,629.34,6.2,3.14,0.1,1.4
43188.0,5857.85,1696.0,314505.0,1182.94,13104.8,2.13,16.02,2102.7,1.13,631.87,6.21,3.15,0.1,1.4
42310.0,5700.8,1666.8,316890.0,1190.02,12650.3,2.08,16.07,2041.65,1.13,631.54,6.21,3.16,0.1,1.4
42554.0,5752.15,1667.6,312560.0,1174.99,12300.4,2.05,15.8,2019.75,1.12,635.31,6.21,3.17,0.1,1.4
42395.0,5638.55,1664.45,323635.0,1165.43,11671.0,1.98,15.54,2000.15,1.11,640.07,6.2,3.17,0.2,1.6
41045.0,5564.6,1656.7,331535.0,1158.36,11376.55,1.99,15.39,2016.95,1.11,645.88,6.21,3.17,0.2,1.6
40884.0,5479.6,1652.75,338860.0,1125.2,11554.5,1.91,14.89,2052.9,1.09,646.31,6.21,3.17,0.2,1.6
39496.0,5260.1,1605.15,341990.0,1094.34,11263.5,1.83,14.65,1964.6,1.1,660.29,6.21,3.18,0.2,1.6
39141.0,5246.55,1594.35,346135.0,1090.45,10929.9,1.77,14.67,1930.9,1.1,674.7,6.21,3.18,0.2,1.76
38667.0,5183.15,1563.0,352765.0,1095.94,10839.3,1.66,14.91,1852.0,1.1,678.43,6.23,3.19,0.2,2.0
39359.0,5130.15,1543.0,350930.0,1117.73,10493.7,1.69,15.27,1809.8,1.11,687.66,6.39,3.22,0.2,2.0
38899.0,5050.35,1526.9,354680.0,1148.29,9995.4,1.51,15.13,1757.6,1.14,697.92,6.4,3.26,0.2,2.0
39334.0,5096.73,1561.65,369560.0,1131.45,9842.4,1.48,14.47,1770.88,1.12,694.45,6.39,3.26,0.16,1.92
39396.0,5212.1,1593.0,355575.0,1123.89,9888.0,1.42,14.64,1793.4,1.12,690.86,6.35,3.22,0.0,1.6
40960.0,5375.95,1608.85,342310.0,1107.52,10142.7,1.35,14.53,1775.45,1.13,686.82,6.37,3.21,0.0,1.6
40638.0,5287.15,1606.75,333810.0,1129.03,9836.0,1.39,15.02,1672.3,1.13,682.43,6.37,3.19,0.0,1.6
38790.0,5028.85,1555.65,324785.0,1137.58,9839.6,1.37,14.84,1632.75,1.12,702.22,6.38,3.21,0.0,1.6
38711.67,5156.15,1551.65,318690.0,1129.42,10039.8,1.38,15.14,1656.6,1.12,688.82,6.36,3.22,0.16,1.36
39662.83,5254.25,1570.85,304520.0,1154.06,10357.1,1.37,15.85,1749.7,1.13,676.35,6.34,3.21,0.2,1.3
39773.0,5271.75,1541.4,293285.0,1177.85,10448.05,1.3,15.99,1775.6,1.14,679.0,6.35,3.23,0.2,1.3
39200.0,5207.4,1454.4,278790.0,1165.02,10423.2,1.29,15.79,1720.0,1.11,688.52,6.35,3.25,0.2,1.3
38866.0,5152.85,1454.45,269080.0,1138.74,10195.2,1.39,15.53,1684.9,1.1,689.66,6.34,3.27,0.32,1.38
38222.0,5014.45,1495.3,263700.0,1096.53,9645.2,1.37,14.76,1627.25,1.08,697.24,6.35,3.3,0.5,1.5
36688.0,4802.75,1475.3,259350.0,1081.51,9346.2,1.26,14.24,1579.95,1.07,705.63,6.37,3.32,0.5,1.5
34364.0,4605.45,1441.4,252890.0,1074.99,8709.3,1.31,14.17,1531.75,1.06,712.27,6.38,3.35,0.5,1.5
34949.0,4609.3,1458.65,244695.0,1066.95,8918.0,1.38,14.15,1556.85,1.06,710.64,6.39,3.36,0.54,1.52
35212.0,4577.8,1479.65,237510.0,1069.37,8816.2,1.25,14.2,1517.65,1.08,704.21,6.41,3.36,0.7,1.6
35718.0,4617.9,1487.8,232430.0,1067.73,8599.7,1.26,13.92,1516.05,1.1,707.89,6.45,3.37,0.7,1.6
35762.0,4644.0,1503.4,231920.0,1067.86,8692.4,1.23,14.08,1497.4,1.09,699.94,6.48,3.36,0.7,1.6
36180.0,4710.2,1533.15,235645.0,1072.06,8648.9,1.25,14.17,1556.25,1.1,702.7,6.48,3.39,0.7,1.6
36415.0,4670.6,1485.53,236047.5,1067.08,8602.8,1.27,13.87,1577.3,1.08,710.96,6.5,3.4,1.12,1.72
35770.0,4469.25,1466.05,237170.0,1097.28,8400.6,1.13,13.96,1488.05,1.09,724.94,6.58,3.42,1.4,1.8
34913.0,4385.5,1480.9,234555.0,1087.17,8475.7,1.04,13.96,1489.65,1.09,728.17,6.58,3.42,1.4,1.8
34966.0,4440.4,1480.3,237395.0,1105.32,8611.35,1.04,14.17,1518.5,1.09,721.99,6.58,3.45,1.4,1.8
35386.0,4566.3,1518.05,240475.0,1122.9,8507.45,1.06,14.31,1630.25,1.09,712.72,6.58,3.47,1.24,2.0
35762.5,4618.15,1507.4,230395.0,1169.64,8268.55,0.98,14.99,1700.7,1.12,706.5,6.57,3.48,1.0,2.3
35632.0,4508.9,1501.3,220975.0,1217.81,7953.9,0.98,15.45,1694.55,1.12,707.82,6.54,3.5,1.0,2.3
35575.0,4626.75,1551.85,207510.0,1219.67,8521.1,0.98,15.28,1723.15,1.11,697.93,6.52,3.5,1.0,2.3
35741.0,4680.9,1582.5,197605.0,1230.75,8484.7,1.09,14.95,1752.9,1.09,692.08,6.54,3.52,0.98,2.3
36981.0,4916.95,1596.35,187050.0,1258.13,8980.35,1.34,15.31,1811.45,1.1,682.34,6.53,3.47,0.9,2.3
37062.0,4954.0,1543.0,176155.0,1248.22,8694.6,1.44,15.38,1772.45,1.11,682.1,6.5,3.39,0.9,2.3
37720.0,5059.3,1492.05,158695.0,1253.06,8704.1,1.45,15.79,1829.55,1.12,675.75,6.49,3.37,0.9,2.3
37660.0,4958.35,1470.2,150335.0,1223.12,8560.22,1.46,15.23,1791.7,1.12,679.87,6.51,3.37,0.9,2.3
36891.0,4843.05,1506.85,143700.0,1224.92,8375.65,1.41,15.13,1821.75,1.14,671.46,6.47,3.34,1.02,2.3
36262.0,4720.15,1500.05,145110.0,1242.76,8552.95,1.46,15.53,1770.3,1.14,678.82,6.47,3.35,1.1,2.3
36874.0,4865.9,1561.55,146585.0,1236.94,9027.4,1.48,16.33,1878.52,1.13,664.68,6.47,3.26,1.1,2.3
37620.0,5006.35,1634.85,149030.0,1240.83,9134.95,1.53,16.99,1898.0,1.13,666.4,6.48,3.26,1.1,2.3
37352.0,4971.62,1646.8,151837.5,1276.22,9351.73,1.57,17.49,1903.55,1.14,663.74,6.48,3.28,1.06,2.18
36486.0,4779.4,1573.55,158550.0,1274.8,8927.1,1.48,17.24,1858.25,1.14,670.97,6.51,3.32,1.0,2.0
35656.0,4657.9,1531.2,158815.0,1272.89,8693.25,1.6,17.14,1884.45,1.13,687.45,6.51,3.32,1.0,2.0
35430.0,4601.0,1539.9,156685.0,1247.99,8440.2,1.64,16.48,1849.5,1.12,694.32,6.55,3.33,1.0,2.0
35816.0,4695.92,1543.58,153887.5,1215.29,8361.85,1.63,16.15,1888.38,1.11,689.61,6.56,3.34,1.0,2.0
35810.0,4639.4,1543.1,166435.0,1230.92,8495.45,1.61,16.22,1991.8,1.13,684.69,6.57,3.34,1.0,1.9
35620.0,4520.0,1588.3,208420.0,1274.73,8873.65,1.57,17.27,2054.95,1.13,681.75,6.57,3.31,1.0,1.9
35704.0,4597.85,1612.78,196660.0,1284.88,9044.2,1.53,17.37,1999.6,1.13,682.23,6.59,3.31,1.0,1.9
36428.0,4733.35,1613.3,192420.0,1294.71,9112.35,1.54,17.54,2031.35,1.12,674.27,6.61,3.29,1.0,1.9
37626.0,4849.45,1641.95,192435.0,1337.38,9706.3,1.49,19.39,2111.6,1.11,661.13,6.65,3.28,0.88,1.84
37062.0,4736.25,1645.3,224770.0,1355.32,9987.55,1.39,20.07,2131.1,1.11,661.06,6.69,3.27,0.8,1.8
38244.0,4926.1,1652.05,230995.0,1334.92,10379.85,1.4,20.14,2201.9,1.11,652.4,6.69,3.28,0.8,1.8
38216.0,4927.05,1593.3,222840.0,1320.7,10479.2,1.35,19.57,2239.6,1.1,654.28,6.68,3.33,0.8,1.8
37888.0,4877.65,1611.5,210465.0,1348.24,10585.5,1.31,20.35,2230.5,1.12,659.39,6.65,3.35,0.92,1.6
37680.0,4804.5,1626.85,206735.0,1345.92,10679.15,1.36,19.98,2266.45,1.11,654.78,6.65,3.33,1.1,1.3
37334.0,4793.0,1653.75,204730.0,1340.84,10488.4,1.37,19.87,2259.6,1.12,648.26,6.63,3.3,1.1,1.3
37200.0,4752.75,1664.2,221360.0,1343.75,10241.05,1.49,19.26,2287.2,1.13,663.25,6.64,3.32,1.1,1.3
36476.0,4605.95,1624.83,270155.0,1319.78,9806.2,1.49,18.62,2307.12,1.12,669.63,6.67,3.35,1.1,1.3
36578.0,4611.3,1580.9,316060.0,1325.12,9927.65,1.32,19.28,2341.45,1.12,673.48,6.68,3.38,1.42,1.78
36714.0,4619.8,1560.4,347200.0,1330.88,10124.2,1.38,19.26,2274.45,1.12,668.4,6.67,3.37,1.5,1.9
37082.0,4762.6,1564.65,349460.0,1314.73,9897.5,1.41,19.0,2240.6,1.12,673.14,6.67,3.38,1.5,1.9
37696.0,4799.15,1623.05,357265.0,1334.72,10520.4,1.39,19.57,2281.0,1.12,661.06,6.67,3.36,1.5,1.9
37864.0,4812.05,1661.9,372155.0,1307.3,10379.95,1.48,18.79,2368.3,1.12,659.76,6.67,3.38,1.54,1.98
37868.0,4778.95,1674.1,356020.0,1258.03,10247.55,1.49,17.5,2301.35,1.11,666.84,6.68,3.4,1.6,2.1
37758.0,4690.25,1665.75,347375.0,1255.81,10394.6,1.49,17.47,2251.1,1.1,668.54,6.73,3.4,1.6,2.1
37646.0,4647.55,1626.6,344945.0,1267.03,10105.3,1.51,17.59,2293.75,1.09,661.64,6.76,3.37,1.6,2.1
38428.0,4818.9,1710.95,326875.0,1274.93,10350.85,1.47,17.83,2396.7,1.1,652.1,6.77,3.36,1.62,2.14
39500.0,5025.85,1722.55,304925.0,1291.73,10688.5,1.4,18.34,2447.85,1.11,651.07,6.76,3.37,1.7,2.3
44772.0,5521.95,1750.85,271320.0,1242.53,11331.4,1.32,17.67,2526.85,1.08,663.42,6.82,3.39,1.7,2.3
44394.0,5492.45,1722.2,251305.0,1215.17,11192.7,1.36,16.67,2539.1,1.06,675.82,6.88,3.4,1.7,2.3
47514.0,5799.65,1754.6,236440.0,1187.38,11442.05,1.4,16.46,2749.15,1.06,675.94,6.9,3.42,1.7,2.3
46838.0,5836.0,1722.95,233610.0,1172.2,11382.5,1.54,16.61,2716.35,1.07,668.45,6.88,3.4,2.02,2.14
47114.0,5762.2,1736.1,232020.0,1164.52,11285.95,1.52,16.97,2697.1,1.06,652.02,6.89,3.4,2.1,2.1
46020.0,5608.8,1733.9,314000.0,1135.13,11086.0,1.56,16.16,2701.45,1.04,670.03,6.94,3.4,2.1,2.1
44432.0,5489.6,1731.6,335115.0,1132.94,10438.45,1.63,15.81,2581.3,1.05,673.85,6.95,3.38,2.1,2.1
45314.0,5503.2,1702.35,322105.0,1152.5,9966.55,1.66,16.03,2533.3,1.05,670.39,6.95,3.36,2.26,2.26
45290.0,5612.95,1723.9,298215.0,1176.8,10299.3,1.61,16.55,2630.35,1.06,667.71,6.92,3.37,2.5,2.5
47148.0,5792.4,1792.85,282400.0,1200.47,10214.85,1.6,16.85,2719.8,1.06,661.85,6.9,3.36,2.5,2.5
46614.0,5776.7,1850.25,274470.0,1208.92,9808.2,1.56,17.08,2770.65,1.07,656.38,6.86,3.3,2.5,2.5
47302.0,5889.8,1816.6,265450.0,1197.03,9586.9,1.53,17.09,2780.7,1.07,648.68,6.88,3.28,2.5,2.5
46735.0,5837.1,1816.8,256935.0,1222.82,10280.3,1.53,17.57,2818.7,1.08,643.18,6.87,3.27,2.7,0.8
48042.0,5975.4,1854.85,249125.0,1231.24,10537.05,1.56,17.8,2888.75,1.06,643.11,6.87,3.26,2.7,0.8
48632.0,6015.95,1883.15,229415.0,1235.91,10954.35,1.52,18.0,2856.65,1.06,640.53,6.87,3.25,2.7,0.8
47886.0,5935.2,1888.2,210845.0,1248.85,10801.5,1.52,18.21,2818.1,1.06,645.43,6.87,3.25,2.7,0.8
47830.0,5885.05,1892.1,218875.0,1231.78,10852.85,1.66,17.87,2761.95,1.06,656.29,6.89,3.28,2.4,0.9
46672.0,5742.15,1860.25,320915.0,1202.83,10071.6,1.61,16.99,2702.45,1.06,665.34,6.91,3.28,2.4,0.9
47404.0,5850.45,1897.0,335995.0,1230.16,10141.85,1.6,17.38,2823.25,1.07,661.48,6.9,3.25,2.4,0.9
46492.0,5788.05,1923.95,314840.0,1248.25,9872.35,1.61,17.8,2797.7,1.08,662.45,6.88,3.24,2.4,0.9
47192.0,5823.9,1946.6,291355.0,1250.69,9942.75,1.69,18.21,2766.25,1.07,660.26,6.88,3.24,2.32,1.02
47236.0,5788.9,1930.3,267175.0,1257.81,10054.45,1.74,18.13,2650.45,1.06,655.23,6.9,3.24,2.2,1.2
46202.0,5599.85,1885.0,256815.0,1286.79,9516.2,1.73,18.42,2563.6,1.06,648.86,6.88,3.25,2.2,1.2
45860.0,5603.15,1927.3,266285.0,1276.85,9298.65,1.64,17.9,2579.7,1.08,653.44,6.88,3.24,2.2,1.2
46401.0,5715.85,1921.58,258430.0,1262.63,9353.6,1.55,17.1,2621.6,1.09,665.29,6.89,3.24,2.08,1.32
45446.0,5519.15,1891.15,330360.0,1227.93,9107.0,1.5,16.27,2582.8,1.09,674.15,6.9,3.27,1.9,1.5
45010.0,5544.65,1887.5,330590.0,1227.43,9177.4,1.58,16.47,2562.85,1.1,670.27,6.89,3.27,1.9,1.5
45466.0,5640.75,1932.1,335755.0,1254.43,9256.1,1.64,16.89,2587.25,1.12,671.32,6.88,3.27,1.9,1.5
45734.0,5655.07,1941.6,319605.0,1261.86,9045.2,1.64,17.29,2623.1,1.12,672.19,6.86,3.27,1.9,1.5
45282.0,5631.3,1915.46,305380.0,1277.13,8854.4,1.58,17.46,2513.95,1.13,670.28,6.8,3.26,1.66,1.5
45596.0,5700.7,1892.15,282575.0,1272.58,8782.2,1.49,17.17,2464.7,1.12,663.84,6.8,3.26,1.6,1.5
45526.0,5655.4,1868.15,267365.0,1250.69,8855.35,1.44,16.62,2513.45,1.12,663.36,6.81,3.27,1.6,1.5
45960.0,5766.15,1861.6,255985.0,1248.63,9027.4,1.44,16.57,2699.4,1.12,662.44,6.83,3.25,1.6,1.5
46998.0,5899.75,1911.4,259110.0,1235.69,9262.2,1.51,16.42,2767.95,1.14,663.71,6.79,3.24,1.64,1.46
46844.0,5817.05,1907.4,317100.0,1218.97,9017.35,1.51,15.82,2790.2,1.14,665.86,6.8,3.25,1.7,1.4
47178.0,5916.55,1897.5,313295.0,1228.22,9428.6,1.55,15.97,2802.7,1.15,658.95,6.77,3.24,1.7,1.4
47732.0,6003.55,1895.65,306930.0,1248.86,9639.3,1.59,16.39,2763.8,1.16,651.61,6.76,3.24,1.7,1.4
49966.0,6308.2,1900.35,299690.0,1265.1,10129.4,1.66,16.68,2784.05,1.18,649.82,6.73,3.24,1.74,1.48
50190.0,6366.3,1929.8,297880.0,1262.1,10360.2,1.63,16.42,2827.5,1.18,649.84,6.72,3.23,1.9,1.8
50296.0,6383.0,2034.05,284990.0,1280.91,10595.3,1.6,16.94,2915.1,1.18,647.77,6.67,3.24,1.9,1.8
50766.0,6500.7,2086.1,268710.0,1285.96,10986.5,1.59,17.0,3101.2,1.18,643.85,6.67,3.23,1.9,1.8
51994.0,6666.25,2086.85,241070.0,1297.19,11581.0,1.69,17.16,3087.82,1.19,633.05,6.63,3.23,1.9,1.8
52890.0,6812.05,2090.7,222685.0,1325.32,11889.25,1.84,17.68,3151.4,1.19,625.49,6.56,3.23,2.08,1.68
52298.0,6755.6,2085.9,213165.0,1337.46,11861.85,1.66,17.89,3076.45,1.2,619.01,6.51,3.23,2.2,1.6
50768.0,6478.2,2071.85,286100.0,1317.78,11127.4,1.65,17.51,3065.35,1.19,624.52,6.56,3.24,2.2,1.6
50448.0,6419.0,2131.65,308910.0,1298.56,10693.7,1.68,17.0,3134.8,1.19,626.78,6.6,3.25,2.2,1.6
51188.0,6442.15,2098.2,299035.0,1278.3,10353.5,1.6,16.67,3225.85,1.17,636.81,6.65,3.26,2.12,1.72
52298.0,6613.5,2142.1,293785.0,1277.82,10679.0,1.58,16.79,3333.7,1.17,630.9,6.63,3.26,2.0,1.9
53904.0,6918.85,2112.3,286595.0,1293.76,11503.5,1.61,17.18,3253.55,1.18,622.53,6.59,3.24,2.0,1.9
55272.0,6957.9,2128.0,287220.0,1281.61,11733.5,1.67,17.02,3186.5,1.18,628.6,6.63,3.23,2.0,1.9
54608.0,6880.2,2156.65,275170.0,1272.6,11794.0,1.76,16.8,3273.2,1.17,634.6,6.64,3.24,2.0,1.9
54488.0,6878.2,2150.47,270805.0,1275.29,12695.4,1.79,17.04,3267.7,1.16,632.79,6.62,3.24,2.2,1.7
53668.0,6787.6,2080.12,260075.0,1280.09,12220.8,1.8,16.99,3231.65,1.17,630.54,6.63,3.24,2.2,1.7
52972.0,6771.45,2078.1,246095.0,1281.49,11512.2,1.74,17.04,3199.5,1.18,631.69,6.63,3.24,2.2,1.7
53882.0,6906.4,2102.3,211965.0,1291.72,11687.1,1.78,17.02,3236.4,1.18,635.86,6.6,3.23,2.2,1.7
53032.0,6717.6,2046.7,187750.0,1276.08,11172.2,1.72,16.35,3188.2,1.19,647.76,6.61,3.23,2.14,1.76
51564.0,6569.05,1996.2,194175.0,1248.6,10962.3,1.7,15.78,3114.75,1.18,654.49,6.62,3.23,2.1,1.8
52756.0,6817.55,2041.9,195360.0,1257.21,11427.2,1.67,16.05,3185.25,1.18,632.32,6.61,3.26,2.1,1.8
54040.0,7082.6,2168.65,201620.0,1272.67,12036.1,1.76,16.3,3249.65,1.19,620.11,6.56,3.24,2.1,1.8
54897.0,7201.53,2255.65,201702.5,1300.94,12448.8,1.78,16.89,3331.6,1.2,612.26,6.52,3.23,2.1,1.68
54586.0,7092.95,2185.8,202350.0,1317.33,12515.9,1.81,17.1,3373.3,1.2,605.92,6.5,3.21,2.1,1.5
54512.0,7101.35,2186.3,203405.0,1330.78,12685.9,1.84,17.12,3425.1,1.21,605.2,6.47,3.21,2.1,1.5
53526.0,6986.6,2224.95,216330.0,1331.91,12596.85,1.88,16.98,3424.05,1.22,606.6,6.41,3.21,2.1,1.5
53198.0,7060.95,2231.55,300200.0,1346.77,13582.6,1.92,17.28,3526.65,1.24,602.72,6.33,3.21,2.1,1.5
52754.0,7064.2,2207.35,303280.0,1337.76,13595.0,1.87,16.87,3571.05,1.24,600.68,6.29,3.22,2.18,2.62
51768.0,6816.9,2141.95,322835.0,1320.96,13127.8,1.72,16.42,3441.65,1.23,600.32,6.31,3.26,2.2,2.9
52270.0,7115.8,2207.15,335210.0,1345.09,13827.1,1.74,16.67,3586.0,1.24,593.7,6.34,3.25,2.2,2.9
52703.0,7066.05,2183.8,333260.0,1327.22,13796.8,1.79,16.52,3556.6,1.23,591.19,6.33,3.25,2.2,2.9
52014.0,6896.9,2140.8,325105.0,1322.27,13512.6,1.89,16.48,3370.65,1.23,597.39,6.34,3.25,2.36,2.26
51568.0,6887.65,2082.25,316995.0,1323.84,13602.4,1.89,16.51,3257.5,1.23,603.52,6.33,3.25,2.4,2.1
51334.0,6849.7,2062.95,320470.0,1316.5,13552.3,1.94,16.33,3237.25,1.23,606.75,6.32,3.26,2.4,2.1
49916.0,6638.65,2036.6,339175.0,1341.12,13063.1,2.01,16.53,3243.55,1.24,606.4,6.3,3.23,2.4,2.1
49858.0,6703.3,1980.35,384075.0,1329.7,13284.8,1.99,16.38,3290.0,1.23,603.78,6.29,3.22,2.44,1.98
50626.0,6779.9,2067.7,372675.0,1333.64,13326.7,1.99,16.41,3235.4,1.23,603.02,6.3,3.23,2.5,1.8
50802.0,6840.05,2349.2,359295.0,1345.15,13973.9,2.05,16.61,3137.0,1.24,596.5,6.28,3.22,2.5,1.8
51622.0,6948.25,2408.9,353670.0,1336.96,14630.1,2.09,16.96,3218.2,1.23,597.37,6.29,3.22,2.5,1.8
51508.0,6826.85,2252.9,337285.0,1316.46,13857.35,2.11,16.38,3112.1,1.21,607.73,6.33,3.23,2.56,1.8
50908.0,6764.58,2344.57,312325.0,1312.01,13872.1,2.1,16.43,3031.75,1.2,624.24,6.36,3.27,2.8,1.8
51032.0,6838.5,2325.65,288100.0,1311.19,14092.5,2.19,16.5,3055.85,1.19,626.67,6.35,3.26,2.8,1.8
51054.0,6854.35,2288.6,299115.0,1291.59,14590.0,2.25,16.43,3080.45,1.18,632.22,6.37,3.27,2.8,1.8
51368.0,6853.08,2264.38,296085.0,1299.19,14757.25,2.19,16.47,3053.47,1.16,625.47,6.4,3.27,2.8,1.8
51468.0,6925.3,2298.25,307500.0,1296.07,15343.1,2.14,16.42,3137.35,1.17,630.77,6.41,3.26,2.86,1.86
53410.0,7266.15,2309.5,303850.0,1297.44,15347.65,2.1,16.77,3221.05,1.18,631.81,6.4,3.26,2.9,1.9
53014.0,7049.2,2228.3,294105.0,1286.61,15064.9,2.07,16.69,3147.35,1.16,636.29,6.43,3.27,2.9,1.9
51530.0,6761.6,2170.35,306250.0,1265.68,14865.8,2.05,16.3,2956.95,1.16,639.54,6.52,3.27,2.9,1.9
51234.0,6591.8,2145.55,293590.0,1249.41,14630.7,2.13,15.98,2898.15,1.16,651.24,6.63,3.27,2.9,1.98
49742.0,6342.8,2117.75,275575.0,1256.34,14036.6,2.13,16.04,2724.95,1.17,652.37,6.63,3.28,2.9,2.1
48602.0,6167.6,2085.45,260775.0,1239.75,13745.9,2.05,15.75,2561.5,1.17,651.16,6.69,3.26,2.9,2.1
48724.0,6129.4,2059.25,255655.0,1226.14,13401.0,2.07,15.42,2614.6,1.17,658.63,6.77,3.27,2.9,2.1
49888.0,6261.1,2055.95,253715.0,1224.52,13745.9,2.15,15.46,2641.45,1.17,642.34,6.8,3.26,2.9,2.1
49436.0,6136.4,2014.35,250395.0,1211.16,13508.55,2.07,15.33,2634.85,1.16,644.27,6.83,3.26,2.7,2.3
49596.0,6127.0,2068.25,252915.0,1204.78,13658.2,2.02,15.22,2548.7,1.14,654.07,6.85,3.27,2.7,2.3
48458.0,5905.8,2016.9,258875.0,1184.24,13264.8,2.0,14.66,2373.1,1.14,667.22,6.87,3.3,2.7,2.3
48582.0,6057.35,2073.48,266535.0,1199.56,13406.7,2.08,14.7,2514.55,1.16,662.69,6.82,3.29,2.7,2.3
48636.0,5968.9,2091.15,264920.0,1199.97,12880.1,2.09,14.48,2468.9,1.16,680.44,6.83,3.3,2.54,2.38
47911.0,5881.7,2026.2,247135.0,1197.44,12290.2,1.97,14.14,2395.65,1.16,690.99,6.85,3.32,2.3,2.5
48516.0,5985.9,2011.85,224025.0,1199.86,12422.8,2.0,14.14,2329.15,1.17,685.32,6.85,3.31,2.3,2.5
50117.0,6244.15,2027.9,215295.0,1202.19,12770.4,2.04,14.3,2487.25,1.17,670.24,6.86,3.3,2.3,2.5
50420.0,6252.4,2055.3,203785.0,1191.88,12507.9,2.1,14.45,2624.75,1.16,659.91,6.88,3.3,2.38,2.5
50364.0,6238.45,2121.1,185950.0,1195.52,12609.4,2.1,14.5,2680.5,1.15,674.69,6.89,3.32,2.5,2.5
50632.0,6266.7,2027.45,167215.0,1217.3,12567.1,1.96,14.54,2642.05,1.16,679.08,6.91,3.33,2.5,2.5
50290.0,6207.75,1999.6,155695.0,1225.12,12365.2,1.89,14.6,2700.3,1.15,678.57,6.94,3.33,2.5,2.5
49854.0,6180.6,1968.4,146105.0,1230.26,11884.7,1.82,14.58,2677.3,1.14,690.13,6.95,3.35,2.5,2.5
49392.0,6169.7,1947.2,161605.0,1227.74,11675.9,1.72,14.56,2570.0,1.14,685.68,6.92,3.36,2.26,2.26
49356.0,6116.85,1949.6,171045.0,1212.37,11486.6,1.62,14.21,2556.9,1.13,683.11,6.94,3.37,2.2,2.2
49502.0,6205.5,1920.05,158285.0,1218.03,11166.9,1.56,14.3,2648.5,1.14,673.28,6.94,3.38,2.2,2.2
49566.0,6233.6,1935.8,140220.0,1222.49,10841.25,1.45,14.31,2602.4,1.13,671.99,6.94,3.37,2.2,2.2
49814.0,6248.7,1952.7,134825.0,1227.16,11021.2,1.43,14.32,2634.3,1.14,671.09,6.91,3.37,2.08,2.08
49448.0,6132.5,1942.85,124280.0,1241.95,10841.6,1.45,14.52,2688.7,1.14,676.72,6.88,3.36,1.9,1.9
49240.0,6094.25,1921.6,120980.0,1243.95,10835.4,1.42,14.65,2603.2,1.14,684.26,6.89,3.34,1.9,1.9
48294.0,5962.28,1905.65,129190.0,1259.37,10811.07,1.31,14.68,2563.4,1.14,690.74,6.89,3.35,1.9,1.9
48246.0,5949.12,1855.63,130965.0,1277.5,10667.58,1.32,15.3,2522.15,1.14,693.81,6.88,3.37,1.84,1.86
47488.0,5844.15,1845.55,132335.0,1287.42,10964.6,1.35,15.62,2508.0,1.14,686.38,6.86,3.35,1.6,1.7
47356.0,5903.5,1821.2,133455.0,1289.45,11361.5,1.4,15.6,2486.6,1.15,674.87,6.78,3.34,1.6,1.7
47608.0,5957.65,1854.5,139030.0,1286.31,11626.6,1.43,15.39,2565.65,1.14,671.0,6.78,3.32,1.6,1.7
47370.0,5972.45,1878.55,146320.0,1296.18,11811.4,1.37,15.57,2662.0,1.14,670.12,6.76,3.34,1.6,1.7
47830.0,6150.95,1887.2,149590.0,1317.05,12690.3,1.41,15.91,2752.2,1.14,655.15,6.73,3.33,1.54,1.58
48086.0,6181.35,1859.65,148990.0,1309.74,12598.25,1.44,15.7,2674.95,1.13,658.34,6.76,3.32,1.5,1.5
48332.0,6226.15,1826.45,143235.0,1321.2,12343.25,1.53,15.72,2633.7,1.13,660.96,6.77,3.33,1.5,1.5
49654.0,6477.5,1878.0,135310.0,1329.09,12858.5,1.59,15.89,2734.55,1.13,651.2,6.71,3.31,1.5,1.5
50062.0,6527.3,1876.8,125505.0,1300.01,13160.0,1.7,15.32,2796.25,1.14,656.23,6.7,3.3,1.74,1.98
49820.0,6463.1,1838.1,115985.0,1292.61,13097.6,1.81,15.21,2786.6,1.12,666.55,6.71,3.3,1.9,2.3
49958.0,6458.05,1890.9,161570.0,1303.15,12947.05,1.87,15.31,2853.1,1.13,668.26,6.71,3.29,1.9,2.3
49824.0,6381.1,1876.3,175425.0,1314.37,12960.1,1.93,15.45,2880.1,1.13,673.38,6.71,3.29,1.9,2.3
49420.0,6412.2,1881.9,169030.0,1294.26,12949.4,1.9,15.11,2957.35,1.12,676.74,6.72,3.31,1.94,2.38
49409.0,6448.4,1860.7,192080.0,1294.92,13105.4,1.97,15.15,2965.2,1.12,664.91,6.72,3.29,2.0,2.5
49384.0,6444.7,1841.75,193325.0,1291.0,12949.05,2.04,15.01,2960.8,1.13,661.67,6.71,3.29,2.0,2.5
49496.0,6449.4,1848.35,189140.0,1274.24,12521.0,2.09,14.95,2867.0,1.12,663.35,6.71,3.3,2.0,2.5
49038.0,6406.25,1823.95,207645.0,1280.25,12279.2,2.11,14.95,2896.3,1.12,675.39,6.73,3.32,2.0,2.5
48428.0,6197.65,1787.35,229080.0,1278.26,12074.15,2.01,14.79,2838.4,1.12,679.8,6.75,3.31,1.8,2.7
47784.0,6062.05,1780.2,211810.0,1289.44,11839.1,1.98,14.76,2726.85,1.12,687.82,6.84,3.31,1.8,2.7
47832.0,6025.3,1798.0,190900.0,1282.42,12079.6,2.03,14.52,2748.35,1.12,694.51,6.9,3.33,1.8,2.7
47178.0,5920.9,1766.85,186255.0,1281.0,12108.1,1.95,14.49,2704.6,1.12,698.53,6.91,3.34,1.8,2.7
46598.0,5830.45,1762.25,206605.0,1304.56,11940.6,1.82,14.61,2657.9,1.12,703.92,6.9,3.36,1.72,2.7
46446.0,5813.75,1742.9,211570.0,1331.92,11632.0,1.73,14.82,2623.0,1.13,693.91,6.91,3.33,1.6,2.7
46464.0,5838.85,1745.65,242795.0,1340.69,11774.0,1.71,14.87,2598.4,1.12,697.01,6.92,3.34,1.6,2.7
46940.0,5956.35,1763.25,245815.0,1397.79,12114.55,1.83,15.35,2596.6,1.13,683.75,6.87,3.31,1.6,2.7
47120.0,5947.15,1774.45,241020.0,1406.72,12393.9,1.93,15.25,2555.8,1.14,679.08,6.87,3.29,1.68,2.74
46468.0,5877.95,1786.0,288265.0,1405.25,12456.4,1.92,15.13,2411.1,1.12,683.13,6.88,3.29,1.8,2.8
46465.0,5956.25,1819.65,290095.0,1411.71,13401.9,1.96,15.3,2446.45,1.13,681.1,6.88,3.28,1.8,2.8
47320.0,5987.35,1813.2,296635.0,1428.35,14460.6,1.85,16.25,2435.9,1.12,686.37,6.88,3.28,1.8,2.8
47114.0,5966.25,1787.7,294010.0,1423.16,14249.6,1.87,16.48,2459.0,1.11,695.27,6.88,3.29,1.8,2.8
46464.0,5759.5,1745.85,285230.0,1447.05,14660.0,1.77,16.33,2357.4,1.11,711.43,6.96,3.34,1.72,2.8
46546.0,5741.6,1739.55,273620.0,1503.19,15550.6,1.67,17.01,2271.1,1.12,709.95,7.05,3.38,1.7,2.8
46566.0,5722.8,1753.7,313050.0,1511.37,16063.3,1.66,17.12,2244.1,1.11,710.23,7.04,3.39,1.7,2.8
46370.0,5651.0,1742.4,331130.0,1519.41,15758.4,1.65,17.48,2263.85,1.11,717.42,7.11,3.38,1.7,2.8
46648.0,5643.4,1721.55,334970.0,1532.86,17375.2,1.6,18.53,2243.8,1.1,722.79,7.16,3.4,1.7,2.88
47224.0,5789.0,1767.4,315260.0,1512.42,17900.6,1.56,18.45,2333.25,1.1,714.99,7.13,3.35,1.7,3.0
47584.0,5824.95,1773.35,300570.0,1496.9,17698.6,1.62,17.89,2361.5,1.11,711.05,7.09,3.33,1.7,3.0
47446.0,5762.95,1762.0,287490.0,1512.83,17457.0,1.67,18.13,2317.6,1.1,718.5,7.1,3.35,1.7,3.0
47210.67,5707.4,1717.3,267625.0,1491.32,17361.3,1.62,17.49,2352.4,1.09,727.21,7.14,3.37,1.72,3.16
47173.33,5641.07,1716.6,280340.0,1501.7,17761.0,1.57,17.56,2330.2,1.1,719.7,7.15,3.38,1.8,3.8
47014.0,5738.05,1725.65,280675.0,1492.38,17365.3,1.61,17.56,2422.65,1.1,715.83,7.1,3.36,1.8,3.8
46994.0,5758.35,1722.6,271525.0,1488.87,16355.8,1.62,17.51,2485.6,1.11,717.41,7.08,3.35,1.8,3.8
47344.0,5884.7,1728.05,260440.0,1495.99,16743.7,1.67,17.8,2553.45,1.11,725.22,7.07,3.34,1.8,3.8
47216.0,5849.3,1787.9,257645.0,1503.02,16597.6,1.66,17.93,2564.75,1.11,741.6,7.03,3.34,1.98,4.22
47290.0,5893.75,1803.45,235995.0,1465.88,15982.5,1.62,17.01,2526.55,1.1,753.25,7.0,3.36,2.1,4.5
47055.0,5819.2,1747.15,222370.0,1469.21,14991.6,1.62,17.01,2405.8,1.1,786.42,7.02,3.38,2.1,4.5
47156.0,5852.3,1751.75,218450.0,1462.8,14465.7,1.68,17.02,2323.6,1.1,794.55,7.03,3.38,2.1,4.5
47372.0,5857.95,1783.4,209360.0,1462.64,13777.6,1.61,16.98,2279.95,1.1,810.87,7.04,3.39,2.18,4.5
47724.0,5959.0,1760.45,194240.0,1467.17,13272.6,1.64,16.72,2241.25,1.11,779.28,7.04,3.38,2.3,4.5
48914.0,6145.8,1757.52,171805.0,1474.37,13999.3,1.65,16.94,2264.3,1.11,763.54,7.0,3.36,2.3,4.5
48984.0,6166.5,1774.2,154590.0,1483.32,14187.7,1.71,17.28,2309.1,1.11,752.26,7.01,3.32,2.3,4.5
49300.0,6181.87,1792.92,147492.5,1511.9,14159.35,1.73,17.84,2295.5,1.12,749.01,6.99,3.31,2.3,4.5
48977.0,6133.15,1786.17,143642.5,1548.71,13910.95,1.72,18.07,2328.22,1.12,760.85,6.96,3.31,2.5,5.4
48806.0,6202.47,1776.25,133005.0,1552.84,13976.0,1.65,17.96,2393.25,1.11,768.32,6.91,3.32,2.5,5.4
48930.0,6222.5,1796.8,133445.0,1556.85,13860.1,1.64,17.95,2446.75,1.11,773.28,6.88,3.32,2.5,5.4
47592.0,5864.0,1768.7,189670.0,1568.33,12940.9,1.53,17.84,2322.85,1.1,779.11,6.93,3.32,2.5,5.4
45626.0,5566.05,1693.0,181045.0,1573.99,12634.3,1.48,17.72,2193.45,1.1,791.07,6.97,3.36,2.42,5.32
45520.0,5691.0,1696.8,172930.0,1566.47,12913.9,1.51,17.7,2166.3,1.09,786.94,6.98,3.38,2.3,5.2
45698.0,5762.6,1702.63,164375.0,1581.46,12980.5,1.59,17.75,2145.25,1.08,793.05,6.98,3.38,2.3,5.2
45870.0,5705.65,1684.9,163305.0,1633.6,12495.9,1.62,18.36,2068.9,1.08,804.89,7.02,3.39,2.3,5.2
45132.0,5637.65,1686.2,217530.0,1620.04,12419.8,1.47,17.24,2000.2,1.1,813.16,6.99,3.43,1.98,4.84
44510.0,5597.0,1686.25,198935.0,1662.2,12696.7,1.35,17.17,1968.35,1.13,828.16,6.94,3.47,1.5,4.3
43126.0,5359.55,1650.22,192185.0,1556.29,12000.8,0.86,14.56,1931.0,1.12,846.98,7.0,3.53,1.5,4.3
38476.0,4758.2,1566.8,229115.0,1526.43,11128.2,0.55,12.83,1824.65,1.08,859.74,7.08,3.54,1.5,4.3
38970.0,4823.33,1502.8,223680.0,1613.33,11272.1,0.56,14.26,1858.9,1.1,842.17,7.09,3.43,1.5,4.3
40007.0,4875.5,1449.4,218725.0,1624.89,11257.89,0.65,14.55,1883.65,1.08,858.91,7.08,3.42,0.3,3.3
41394.0,5032.34,1445.2,260040.0,1692.39,11629.67,0.69,15.37,1897.8,1.09,843.9,7.05,3.38,0.3,3.3
42194.0,5110.8,1465.67,263190.0,1699.1,11989.05,0.66,15.25,1926.75,1.09,854.14,7.08,3.4,0.3,3.3
42182.0,5145.9,1473.16,261035.0,1717.72,12126.25,0.65,15.16,1887.3,1.08,854.81,7.08,3.38,0.3,3.3
42992.0,5139.2,1452.29,251610.0,1699.96,11985.4,0.78,14.96,1915.54,1.09,834.13,7.06,3.38,0.18,2.76
43528.0,5221.05,1448.38,240785.0,1699.77,12262.0,0.92,15.31,2002.2,1.08,830.25,7.09,3.41,0.1,2.4
43444.0,5227.83,1447.25,267810.0,1732.4,12109.3,0.96,16.46,1992.4,1.08,820.28,7.1,3.44,0.1,2.4
44080.0,5332.36,1488.48,271910.0,1728.86,12401.15,1.04,17.21,1998.22,1.09,804.96,7.12,3.42,0.1,2.4
44470.0,5369.9,1513.99,260320.0,1724.05,12366.1,1.04,17.76,1978.09,1.11,799.04,7.13,3.43,0.3,2.44
45458.0,5622.97,1562.49,243775.0,1700.8,12849.4,1.18,17.6,2028.07,1.13,771.57,7.09,3.43,0.6,2.5
47060.0,5753.05,1574.67,239020.0,1729.07,12750.67,1.17,17.59,1986.33,1.13,784.62,7.08,3.45,0.6,2.5
47520.0,5821.35,1581.9,237280.0,1742.1,12721.6,1.27,17.6,2051.98,1.12,814.37,7.08,3.5,0.6,2.5
48600.0,5929.85,1576.9,221915.0,1769.47,12608.8,1.18,17.81,2039.1,1.12,817.52,7.08,3.52,0.6,2.5
49480.0,6093.05,1597.6,204815.0,1779.35,13065.35,1.25,18.08,2036.75,1.12,799.66,7.05,3.53,1.0,2.7
51386.0,6404.93,1647.99,180575.0,1804.27,13467.2,1.27,18.86,2176.52,1.13,788.24,7.0,3.5,1.0,2.7
51784.0,6462.24,1639.55,156195.0,1814.42,13341.6,1.25,19.82,2201.6,1.14,782.77,6.99,3.5,1.0,2.7
52094.0,6483.95,1667.55,140525.0,1911.68,13527.45,1.27,23.45,2224.73,1.17,768.74,7.0,3.52,1.0,2.7
51706.0,6458.75,1697.97,128215.0,1979.12,13842.4,1.21,24.5,2303.9,1.18,760.55,6.99,3.53,1.12,2.58
51114.0,6412.4,1741.43,118070.0,2015.11,14337.45,1.22,27.53,2393.0,1.18,787.21,6.95,3.55,1.3,2.4
50496.0,6421.5,1728.49,111835.0,1959.73,14346.69,1.26,26.88,2388.99,1.18,796.45,6.94,3.57,1.3,2.4
51922.0,6581.6,1740.39,101510.0,1934.87,14749.45,1.33,26.75,2451.6,1.18,786.91,6.92,3.58,1.3,2.4
51842.0,6673.02,1760.47,89840.0,1956.96,15309.9,1.29,27.51,2486.1,1.19,779.1,6.86,3.55,1.32,2.26
52198.0,6703.95,1751.41,81235.0,1933.34,15195.3,1.16,26.88,2462.4,1.18,773.03,6.84,3.54,1.4,1.7
52158.0,6762.2,1749.31,75675.0,1948.02,15017.7,1.11,26.96,2433.64,1.18,767.28,6.82,3.55,1.4,1.7
52090.0,6795.78,1745.25,78655.0,1933.06,14822.1,1.2,26.0,2482.1,1.18,767.13,6.77,3.53,1.4,1.7
51144.0,6564.28,1724.55,93335.0,1873.83,14340.35,1.21,23.32,2385.23,1.17,784.41,6.82,3.58,1.4,1.7
51375.71,6523.5,1730.15,161540.0,1896.06,14449.6,1.18,23.62,2331.17,1.17,791.47,6.76,3.6,1.24,0.74
51576.29,6704.35,1812.98,154050.0,1904.81,14894.55,1.2,24.39,2385.15,1.18,796.53,6.72,3.58,1.2,0.5
51610.0,6760.44,1837.82,178145.0,1904.04,15578.1,1.18,24.34,2443.15,1.17,793.81,6.7,3.59,1.2,0.5
52130.0,6855.28,1823.35,179675.0,1907.64,15761.35,1.14,24.6,2545.65,1.18,777.12,6.69,3.6,1.2,0.5
51584.0,6742.8,1843.2,171565.0,1884.97,15355.89,1.06,23.71,2527.95,1.17,768.89,6.7,3.61,1.2,0.1
51954.0,6884.55,1887.38,172770.0,1908.35,15543.29,1.13,24.62,2613.78,1.18,754.39,6.62,3.6,1.2,-0.5
52644.0,6977.56,1924.69,164790.0,1879.61,15880.55,1.15,24.47,2635.51,1.18,762.17,6.6,3.63,1.2,-0.5
53478.0,7169.9,1974.57,157585.0,1850.3,15952.3,1.19,23.86,2748.16,1.19,765.66,6.57,3.59,1.2,-0.5
56216.0,7483.0,1997.67,151140.0,1798.86,16170.75,1.26,23.19,2757.19,1.2,763.65,6.57,3.6,1.24,-0.36
57328.0,7691.95,2010.93,149685.0,1848.03,16173.71,1.26,24.26,2744.85,1.21,747.7,6.54,3.59,1.4,0.2
57620.0,7762.19,2024.22,146080.0,1838.77,17263.05,1.31,24.03,2803.42,1.21,736.47,6.54,3.59,1.4,0.2
58530.0,7846.47,2019.03,125365.0,1873.15,17198.9,1.37,25.68,2808.04,1.22,725.59,6.54,3.6,1.4,0.2
58332.0,7804.34,2008.5,116117.5,1876.39,16887.75,1.38,25.9,2788.87,1.22,713.83,6.53,3.61,1.4,0.2
58070.0,7777.33,1981.77,108925.0,1896.63,16608.83,1.41,26.43,2741.14,1.22,709.83,6.52,3.62,1.4,0.2
